<?xml version="1.0" encoding="UTF-8" ?>
<!DOCTYPE mapper PUBLIC "-//mybatis.org//DTD Mapper 3.0//EN" "http://mybatis.org/dtd/mybatis-3-mapper.dtd" >
<mapper namespace="com.spring.dao.UserDao">
    <resultMap id="BaseResultMap" type="com.spring.entity.User">
        <result column="identityID" property="identityID" jdbcType="VARCHAR"/>
        <result column="username" property="username" jdbcType="VARCHAR"/>
        <result column="password" property="password" jdbcType="VARCHAR"/>
        <result column="power" property="power" jdbcType="INTEGER"/>
        <result column="id" property="id" jdbcType="VARCHAR"/>
        <result column="nickName" property="nickName" jdbcType="VARCHAR"/>
        <result column="openid" property="openid" jdbcType="VARCHAR"/>
        <result column="phone" property="phone" jdbcType="VARCHAR"/>
        <result column="avatar" property="avatar" jdbcType="VARCHAR"/>
        <result column="sessionKey" property="sessionKey" jdbcType="VARCHAR"/>
    </resultMap>
    <insert id="insert" parameterType="com.spring.entity.User">
        insert into user (identityID, username, password,
                          power, id, nickName,
                          openid, phone, avatar,
                          sessionKey)
        values (#{identityid,jdbcType=VARCHAR}, #{username,jdbcType=VARCHAR}, #{password,jdbcType=VARCHAR},
                #{power,jdbcType=INTEGER}, #{id,jdbcType=VARCHAR}, #{nickname,jdbcType=VARCHAR},
                #{openid,jdbcType=VARCHAR}, #{phone,jdbcType=VARCHAR}, #{avatar,jdbcType=VARCHAR},
                #{sessionkey,jdbcType=VARCHAR})
    </insert>
    <insert id="insertSelective" parameterType="com.spring.entity.User">
        insert into user
        <trim prefix="(" suffix=")" suffixOverrides=",">
            <if test="identityid != null">
                identityID,
            </if>
            <if test="username != null">
                username,
            </if>
            <if test="password != null">
                password,
            </if>
            <if test="power != null">
                power,
            </if>
            <if test="id != null">
                id,
            </if>
            <if test="nickname != null">
                nickName,
            </if>
            <if test="openid != null">
                openid,
            </if>
            <if test="phone != null">
                phone,
            </if>
            <if test="avatar != null">
                avatar,
            </if>
            <if test="sessionkey != null">
                sessionKey,
            </if>
        </trim>
        <trim prefix="values (" suffix=")" suffixOverrides=",">
            <if test="identityid != null">
                #{identityid,jdbcType=VARCHAR},
            </if>
            <if test="username != null">
                #{username,jdbcType=VARCHAR},
            </if>
            <if test="password != null">
                #{password,jdbcType=VARCHAR},
            </if>
            <if test="power != null">
                #{power,jdbcType=INTEGER},
            </if>
            <if test="id != null">
                #{id,jdbcType=VARCHAR},
            </if>
            <if test="nickname != null">
                #{nickname,jdbcType=VARCHAR},
            </if>
            <if test="openid != null">
                #{openid,jdbcType=VARCHAR},
            </if>
            <if test="phone != null">
                #{phone,jdbcType=VARCHAR},
            </if>
            <if test="avatar != null">
                #{avatar,jdbcType=VARCHAR},
            </if>
            <if test="sessionkey != null">
                #{sessionkey,jdbcType=VARCHAR},
            </if>
        </trim>
    </insert>
    <select id="selectUserByUsername"  parameterType="String" resultMap="BaseResultMap">
        select *
        from user
        where username = #{username}
    </select>
    <select id="selectUserById" resultMap="BaseResultMap" parameterType="String">
        select *
        from user
        where id = #{id}
    </select>
    <select id="selectUserByIdentityId" resultMap="BaseResultMap" parameterType="String">
        select *
        from user
        where identityID = #{identityID}
    </select>
    <select id="selectUserByOpenid" resultMap="BaseResultMap" parameterType="String">
        select *
        from user
        where openid = #{openid}
    </select>
    <select id="selectUserByPage" parameterType="Map" resultMap="BaseResultMap">
        select identityID, username, power, id, nickName, openid, phone, avatar, sessionKey
        from user
        <if test="PageStart!=null and PageSize!=null and PageSort!=null and PageAsc!=null">
            ORDER BY ${PageSort} ${PageAsc}
            limit #{PageStart},#{PageSize}
        </if>
    </select>
    <select id="selectCountByUser" resultType="java.lang.Integer">
        select count(*) from user
    </select>
    <insert id="insertWebUser" parameterType="com.spring.entity.User">
        insert into user (identityID, username, password, power, phone, id)
        values (#{identityID}, #{username}, #{password}, #{power}, #{phone}, #{id})
    </insert>
    <insert id="insertWXUser" parameterType="com.spring.entity.User">
        insert into user (power, id, nickName, openid, avatar, sessionKey)
        VALUES (#{power}, #{id}, #{nickName}, #{openid}, #{avatar}, #{sessionKey})
    </insert>
    <update id="updateUserInfoByID" parameterType="com.spring.entity.User">
        update user
        set password=#{password},
            avatar=#{avatar},
            phone=#{phone},
            nickName=#{nickName},
            identityID=#{identityID},
            username=#{username}
        where id = #{id}
    </update>
    <update id="updateUserPower" parameterType="com.spring.entity.User">
        update user
        set power=#{power}
        where id=#{id}
    </update>
    <update id="updateInfoByMyself" parameterType="com.spring.entity.User">
        update user
        set password=#{password},
            avatar=#{avatar},
            phone=#{phone},
            nickName=#{nickName},
            identityID=#{identityID},
            username=#{username}
        where id = #{id}
    </update>

</mapper>